id,clubID,platformName,URL
,33,tidyhq,https://curtin-cec.tidyhq.com/
,33,facebook,https://www.facebook.com/CurtinEngineersClub
,33,instagram,https://www.instagram.com/curtinengineersclub/
,33,website,https://www.curtinengineersclub.com
,33,linkedin,https://www.linkedin.com/company/curtin-engineers-club
,65,facebook,https://www.facebook.com/curtinroboticsclub
,65,instagram,https://www.instagram.com/curtinroboticsclub/
,65,website,https://www.curtinrobotics.org/
,65,linkedin,https://www.linkedin.com/company/curtin-robotics-club/posts/?feedView=all
,88,tidyhq,https://karaokesc.cguild.club/