id,clubID,eventTitle,eventDescription,eventLocation,eventDate,startsAt,endsAt,imageURL,isGeneralMeeting,ticketLink
00001,null,Paint & Chill: Board Games & Painting,"🎨 Paint & Chill (Exam De-Stress)\nFeeling overwhelmed with exams?\nCome take a proper break,  no pressure, no expectations.\n \n \n \nWhat’s happening?\nWe have 2 separate spaces same Building  so you can choose what you need:\n🖌 Paint Room\n\nPaint canvases, coasters, or bookmarks\nNo experience needed\nJust sit down and start\n\n \n🛋 Chill Lounge\n\nFun, relaxed \nBoard games available\nSit, rest, or hang out while your paint dries\n\n \nExtra\n✨ Headspace will be there\n\nMental health support\nResources if you need them\nOr just a calm presence\n\n \nFood\n🥪 Bring your own food & drinks\n\nEat in the lounge space\nStay comfortable while you’re there\n\n \nEvent Details\nMonday, 18 May\n11:00 AM - 3:00 PM\nOn campus 106A.108\nDrop in anytime.\nStay as long or as little as you want.\n \n \n \nWhy come?\n\n\nTake a break without guilt\n\n\nDo something calming with your hands\n\n\nBe around people without pressure","106A.108 Kent St, Bentley WA 6102, Australia",18_May_2026,11:00,16:00,../../src/assets/eventImages/Paint&Chill_BoardGames&Painting_18_May_2026.jpg,False,https://alliedhealth.cguild.club/public/schedule/events/84824-paint-chill-board-games-painting
00002,null,Allied-Health Networking Night,"LinkedIn Networking Night (6:30 pm - 8:30 pm)\nCurtin Allied Health Club – Career Boost Event\nJoin us for an evening designed to level up your professional game. This isn’t just another workshop,  it’s your chance to:\n\n\nBuild a LinkedIn profile with the help of a career expert \n\n\nGet a professional headshot to stand out online\n\n\nNetwork with future colleagues across Allied Health and Nursing\n\n\nEvent Schedule\n6:30 – 7:30 PM | Professional Headshots\n\n\nUpgrade your profile picture with the Photography Club\n\n\nLook like the LinkedIn baddie you are\n\n\n7:30 – 8:30 PM | LinkedIn Masterclass\nSpeaker: Jeanelle Willey, Founder of ResuDoc | Student Career Readiness\n\n\nLearn expert strategies to make your profile shine\n\n\nGet insider tips on networking and personal branding\n\n\n8:30 – 9:30 PM | Bonus Networking & Insights (Optional)\n\n\nMeet students and connect with guest speaker(s)\n\n\nLearn how different healthcare roles work together\n\n\nAsk questions, share experiences, and gain advice\n\n\nBuild genuine connections in a relaxed setting\n\n\nWhy you can’t miss this\n\n\nBuild connections that could shape your career\n\n\nWalk away with skills you can use immediately\n\n\nStart up your LinkedIn profile and learn LinkedIn Tactics\n\n\n \n🎁 Bonus Giveaway\nWin a Personalised Career Support Package\nfrom Jeanelle Willey (Founder of ResuDoc)\nThis package is fully tailored to you and your career goals, and may include:\n\n\nLinkedIn profile optimisation\n\n\nResume feedback and refinement\n\n\nCover letter guidance\n\n\nPersonalised strategies based on your chosen career path\n\n\nFlexible attendance, come for the whole event or drop in when you can. But make no mistake,  this is the event your future self will thank you for.","Curtin 500.1102AB Kent St, Bentley WA 6102, Australia",28_Apr_2026,18:30,21:30,../../src/assets/eventImages/Allied-HealthNetworkingNight_28_Apr_2026.jpg,False,https://alliedhealth.cguild.club/public/schedule/events/83462-allied-health-networking-night
00003,null,Slime Day,"🧪 SLIME DAY  TICKETS 🎟️  \nNeed a break that actually works? This is it.  \nWhat you’ll get:  \n* Make your own slime (fully custom)  \n* Add charms + decorate your container with stickers  \n* Snacks + drinks included  \n* Chill, low-pressure space to switch off  \nWhy people love it:  \nHands-on, creative, and calming, it helps your brain slow down without trying too hard.  \n👯 Come with friends or come solo  \n(You won’t feel out of place either way)  \n⏰ 5PM – 8PM | April 2nd  \n💰 $2 Members | $5 Non-members  \n⚠️ Limited spots \n👉 Get your ticket now!!!!","202.139 Kent St, Bentley WA 6102, Australia",02_Apr_2026,17:00,20:00,../../src/assets/eventImages/SlimeDay_02_Apr_2026.jpg,False,https://alliedhealth.cguild.club/public/schedule/events/83122-slime-day
00004,null,Pub Crawl: Villains,Come along to our highly anticipated Pubcrawl - this time with the most evil icons in tow! Starting at Varsity Waterford and heading to different venues in your designated Party Bus chauffeur. Prizes given out for our best dressed fictional villain on the night.  Check out the itinerary of evil below.\nREMINDER: 18+ event - BUS LEAVES 7PM SHARP\nPlease be cautious of props as venues have discretion on entry.,"Varsity Waterford 55/230 Manning Rd, Karawara WA 6152, Australia",15_May_2026,15-05-2026 18:00,16-05-2026 00:00,../../src/assets/eventImages/PubCrawl_Villains_15_May_2026.jpg,False,https://cec.cguild.club/public/schedule/events/82142-pub-crawl-villains
00005,null,Mindful Painting with Headspace X CPS X CAHC,"🎨 Mindful Painting – Create, Relax, Connect 🎨\n📅 Tuesday, 21st October\n\n\n\n🕒 3:00pm – 5:30pm\n\n\n\n📍 Building 106A, Room 108\n🎟️ less then $3 event | Open to all students\n\n \nAbout the event\nTake a break from study stress and join us for Mindful Painting, a creative session designed to help you relax, focus, and enjoy the process of painting.\nIn this session, you’ll:\n\n🖌️ Paint coasters and bookmarks that you can take home.\n🌿 Practice mindfulness while exploring colours, patterns, and textures.\n💬 Connect with fellow students in a friendly, supportive space.\nNo prior art experience is needed — just bring your curiosity and creativity. Paints, brushes, and all materials will be provided.\nWhy join?\nMindful painting is a great way to:\n✨ Reduce stress and unwind\n✨ Express yourself creatively\n✨ Share laughs and enjoy a calm, social activity\nPssst… 🤫\nWe’ll have a little take-home surprise for everyone — a treat for your creativity!","Building 106A Room 108 Kent St, Bentley WA 6102, Australia",21_Oct_2025,15:00,17:30,../../src/assets/eventImages/MindfulPaintingwithHeadspaceXCPSXCAHC_21_Oct_2025.jpg,False,https://alliedhealth.cguild.club/public/schedule/events/77770-mindful-painting-with-headspace-x-cps-x-cahc
00006,null,CAHC X Headspace Friendship Yoga,"Friendship Yoga with Headspace\n \n📅 Thursday, 13th October\n\n\n\n🕜 1:30pm – 2:30pm\n\n\n\n📍 Room 407.305: CT\n🎟️ Free event | Open to all students\n\n \n🔒 Private + safe: This is a closed (No windows)  supportive space,  perfect for trying something new without pressure.\n😂 Fun challenge: Yoga with a friend can be grounding, a little wobbly, and often funny. Expect both connection and laughter.\n❌ Can’t make it? Cancel your ticket! Even though this is a free event, please cancel if you can’t attend so someone else can take your place.\n \nAbout the event\nTake a break from exam prep and join us for Friendship Yoga — a gentle, uplifting session designed to help you de-stress, recharge, and connect with others.\nThis event is run with Headspace and facilitated by Daniel, Head of the Curtin Yoga Club.\n \n \nWhat you’ll do\n🧘‍♀️ Try a beginner-friendly yoga flow (no experience needed).\n🤝 Work in pairs and small groups to build trust and teamwork.\n🌿 Learn breathing + mindfulness techniques for everyday stress.\n💬 Connect with others in a welcoming, inclusive space.\n \nWhat to bring\n\n\nComfortable clothes\n\n\nA friend \n\n\nAn open mind\n\n\nMats are provided, or bring your own\n\n\n \n🌿 Part of Mental Health Month 🌿\n📅 9/10 – Gratitude Journalling Night with Headspace 📝\n📅 21/10 – Mindful Painting 🎨\n📅 24/10 – Games Night 🎲\nTake care of your mind, body, and community 💚",Null,13_Oct_2025,13:30,15:30,../../src/assets/eventImages/CAHCXHeadspaceFriendshipYoga_13_Oct_2025.jpg,False,https://alliedhealth.cguild.club/public/schedule/events/77769-cahc-x-headspace-friendship-yoga
00007,null,Ke-Zemesta Block Party,"Ke-Zemesta Block Party 🔥\nGet ready for an unforgettable night as the Curtin African Students Association (CASA) brings the heat back to campus with our first CASA party of the year. Join us at the Hayman Theatre Courtyard for an evening of Afrobeats, good food, great energy, and pure vibes with the CASA community.\nFrom 7 PM to 10 PM, expect a vibrant atmosphere where music, culture, and celebration come together. Our DJ lineup will keep the energy high all night with the best in Afrobeats, Amapiano, and Afro-fusion, creating the perfect soundtrack for a night of dancing and connection.\n🔥 Date: Friday 1 May\n🔥 Time: 7:00 PM – 10:00 PM\n🔥 Location: Hayman Theatre Courtyard, Curtin University\n🔥 Food & Drinks: Food packages available with tickets. Drinks sold separately at the venue.\n🎧 DJ Line-up:\nDJ Gamueh | Sizwe | Finesse\nCome hungry, come ready to dance, and come ready to experience one of the best Afro-vibe parties on campus.\n⚠️ This is an 18+ event. Please bring a valid ID.\nSecure your ticket and get ready for a night of music, culture, and unforgettable vibes with CASA","Hayman Theatre Building 302 Curtin University, Bentley WA 6102, Australia",01_May_2026,19:00,22:00,../../src/assets/eventImages/Ke-ZemestaBlockParty_01_May_2026.jpg,False,https://africanstudents.cguild.club/public/schedule/events/82734-ke-zemesta-block-party
00008,null,Link Up Live,"To connect university students with industry professionals in a collaborative networking environment that supports career growth, builds practical skills, and opens pathways to new opportunities.","Curtin University Kent St, Bentley WA 6102, Australia",15_Apr_2026,18:00,20:00,../../src/assets/eventImages/LinkUpLive_15_Apr_2026.jpg,False,https://africanstudents.cguild.club/public/schedule/events/83911-link-up-live
00009,null,Afro-Learn: LinkedIn and Resume Building,"Want to feel more confident putting yourself out there? Join us for an interactive workshop on building your LinkedIn profile and creating a resume that actually stands out.\nLed by a facilitator from Curtin Connect’s Careers team, you’ll get practical tips you can apply straight away.  Whether you’re starting from scratch or refining what you already have, this event is open to all.\nIt’s also the perfect way to get prepared for our upcoming networking event and start making the most of new opportunities.",Null,01_Apr_2026,16:00,18:00,../../src/assets/eventImages/Afro-Learn_LinkedInandResumeBuilding_01_Apr_2026.jpg,False,https://africanstudents.cguild.club/public/schedule/events/83356-afro-learn-linkedin-and-resume-building
00010,null,Afro-Learn: Games Night,"Afro-Learn: Game Night 🎲\nThe Curtin African Students Association (CASA) is excited to invite members to our upcoming Afro-Learn: Games Night, taking place on Wednesday, 18 March at The Commons (106A.101), Curtin University.\nAfro-Learn: Games Night is a free event designed as a relaxed and engaging space where students can connect, learn, and unwind through a variety of interactive games. The event combines fun with learning, offering activities that encourage teamwork, cultural exchange, and friendly competition.\nWhether you are looking to meet new people, strengthen friendships within the CASA community, or simply take a break from the stress of university life, this event is the perfect opportunity to do so in a welcoming and vibrant atmosphere.\n📍 Location: The Commons – 106A.101, Curtin University\n📅 Date: Tuesday, 18 March\n🎮 Activities: Board games, interactive games, and social activities\nWe look forward to seeing our members there for an evening of learning, laughter, and community.",Null,18_Mar_2026,18:30,21:30,../../src/assets/eventImages/Afro-Learn_GamesNight_18_Mar_2026.jpg,False,https://africanstudents.cguild.club/public/schedule/events/73247-afro-learn-games-night
00011,null,Moonlight Mirage: The CASA Boat Cruise,"Set sail with the Curtin African Students Association (CASA) for an unforgettable night on the Swan River! 🚤✨\nDate: Saturday, 8 November 2025\nTime: 8:00 PM – Late (boarding from 7:30 PM)\nLocation: Barrack Street Jetty, Perth\nJoin us as we wrap up the year in true CASA style—music, vibes, and community on Perth’s iconic river cruise. Expect great energy, dancing, and stunning city views under the stars.\n🍽 Buffet by Tari’s Kitchen included (with your ticket)\n🥤 One soft drink included per guest\n🎶 Live DJs bringing the beats\n🍹 Licensed bar (18+ with valid ID)\n📸 Professional photography\n👗 Dress Code: Cocktail\n \nhttps://curtinafricanstudents.tidyhq.com/public/pages/terms--conditions","Barrack Street Jetty Barrack Street Jetty, Perth WA 6000, Australia",08_Nov_2025,20:00,23:59,../../src/assets/eventImages/MoonlightMirage_TheCASABoatCruise_08_Nov_2025.jpg,False,https://africanstudents.cguild.club/public/schedule/events/70373-moonlight-mirage-the-casa-boat-cruise
00012,null,Curtin Crochet Club Weekly Meetup,"Come join us at our weekly Curtin Crochet Club meetup in the Library Makerspace! Free entry, everyone is welcome. More details on our Instagram page @curtincrochetclub 🫶",Null,21_Aug_2024,12:00,14:00,../../src/assets/eventImages/CurtinCrochetClubWeeklyMeetup_21_Aug_2024.jpg,False,https://crochet.cguild.club/public/schedule/events/64815-curtin-crochet-club-weekly-meetup
00013,null,Curtin Crochet Club Weekly Meetup,"Come join us at our weekly Curtin Crochet Club meetup in the Library Makerspace! Free entry, everyone is welcome. More details on our Instagram page @curtincrochetclub 🫶",Null,14_Aug_2024,12:00,14:00,../../src/assets/eventImages/CurtinCrochetClubWeeklyMeetup_14_Aug_2024.jpg,False,https://crochet.cguild.club/public/schedule/events/64814-curtin-crochet-club-weekly-meetup
00014,null,Curtin Crochet Club Weekly Meetup,"Come join us at our weekly Curtin Crochet Club meetup in the Library Makerspace! Free entry, everyone is welcome. More details on our Instagram page @curtincrochetclub 🫶",Null,07_Aug_2024,12:00,14:00,../../src/assets/eventImages/CurtinCrochetClubWeeklyMeetup_07_Aug_2024.jpg,False,https://crochet.cguild.club/public/schedule/events/59415-curtin-crochet-club-weekly-meetup
00015,null,Speed Interviews,"Sign-up NOW to attend our Speed Interviews event!\n Limited spots available \nInterviews can be a daunting experience and are required when applying for graduate/vacation positions. Join us and several professional representatives to practice your interview skills and gain vital feedback.\nDate: Friday, 12th May 2023\nLocation: 402:216\nTime: 4-6PM\nSnacks will be provided and feel free to bring your friends along.\nIf you haven't already, sign up to become a member now: https://curtinaccountingassociation.tidyhq.com/","Curtin University Building 402 Bentley WA 6102, Australia",12_May_2023,04:00 PM,06:00 PM,../../src/assets/eventImages/SpeedInterviews_12_May_2023.jpg,False,https://accounting.cguild.club/public/schedule/events/50774-speed-interviews
00016,null,Speed Networking Event,"This years Speed Networking will be a collaboration between Curtin Accounting Association and Curtin Economic Society. Meaning that there will be more industry professional which will cover a more diverse work force for students like you. \nBy the end of the night, you will have new industry connections, and perhaps a lead for future opportunities. This will be a structured and fast-paced event allowing students to interact with industry professionals in a series of brief group conversations. (So make sure to have your LinkedIn ready). \nFood and Drinks will be provided. \nLocation: Building 410:201 (medical building)\nTime: Begins at 5:30pm, Ends at 7:30pm \nHope to see you there!","Curtin University Kent St, Bentley WA 6102, Australia",29_Sep_2022,05:30 PM,07:30 PM,../../src/assets/eventImages/SpeedNetworkingEvent_29_Sep_2022.jpg,False,https://accounting.cguild.club/public/schedule/events/45962-speed-networking-event
00017,null,Pizza with PwC,"Join PwC Assurance for a casual night of networking and pizza to learn about their student programs!\nThis will be held at PWC's Perth office at 5pm, make sure not to miss out!\nThis could increase your chances of getting a vacationer or a graduate programme. These programmes will help:\n\nDevelop your skills through one-on-one coaching and mentoring\nUndertake challenging client work and engagements with potentially broad social impacts\nAttend networking events\nExpand your professional and personal networks with like-minded peers\nExpand your career potential with a globally respected organisation\nPossibly return to uni with a full-time job offer in hand\n\nMake sure to have a meaningful expression of interest as there are limited spots available","15/125 St Georges Terrace, Perth WA 6000, Australia 15/125 St Georges Terrace, Perth WA 6000, Australia",22_Aug_2022,05:00 PM,06:30 PM,../../src/assets/eventImages/PizzawithPwC_22_Aug_2022.jpg,False,https://accounting.cguild.club/public/schedule/events/45312-pizza-with-pwc
00018,null,CAA Sausage Sizzle,Null,Null,04_May_2022,11:30 AM,02:00 PM,../../src/assets/eventImages/CAASausageSizzle_04_May_2022.jpg,False,https://accounting.cguild.club/public/schedule/events/42274-caa-sausage-sizzle
00019,null,Speed Interview,"Sign-up NOW to attend our FREE Speed Interview event!\n Limited spots available \nInterviews can be a daunting experience and are required when applying for graduate/vacation positions. Join us and several professional representatives to practice your interview skills and gain vital feedback.\nDate: Wednesday April 13th\nLocation: Bld 407:205\nTime: 12:15pm\nLunch will be provided and feel free to bring your friends along.\nIf you haven't already, sign up to become a member now: https://lnkd.in/gUrZSvDm","407:205 Kent St, Bentley WA 6102, Australia",13_Apr_2022,12:00 PM,02:00 PM,../../src/assets/eventImages/SpeedInterview_13_Apr_2022.jpg,False,https://accounting.cguild.club/public/schedule/events/41747-speed-interview
00020,null,AMS x PPIA Malindo Night,"AMS and PPIA Curtin are bringing you a night full of games, food and friends!\nRepresent your country in this 🇲🇾 MALAYSIA x 🇮🇩 INDONESIA collab showdown !! 💪\nTeams representing Malaysia and Indonesia will play games to decide who is the best SEA nation. 😤\nAnd you don't have to be Malaysian or Indonesian to participate! Just pick a team and represent!! 🤩\n\n✨ Expect:\n🤝 Team games (chaos but fun)\n🍴 Pizza included!!!\n\n📅 When? Friday, 22 May (Week 12)\n⏰ Time? 6:00 – 9:00 PM\n📍 Where? Curtin Building 418 Level 2\n\n💵 Entry fee:\n$8.... for AMS & PPIA members\n$11.... for non-members (membership not included)\n \n⚠️ LIMITED SPOTS ONLY – first come, first served!\n📲 Sign up NOW to lock in your spot!\n\nMake your country proud!!!","Building 418, Curtin University Kent St, Bentley WA 6102, Australia",22_May_2026,18:00,21:00,../../src/assets/eventImages/AMSxPPIAMalindoNight_22_May_2026.jpg,False,https://ams.cguild.club/public/schedule/events/84987-ams-x-ppia-malindo-night
00021,null,🏐🏸 Sportsathon 2026 🏸🏐,"🔥🏆 SPORTSATHON IS BACK & BIGGER THAN EVER! 🏆🔥\n🎉 AMS Sportsathon 2026 – Semester 1 Edition\n \n📅 Saturday, 9th May\n🕐 3PM – 6PM\n📍 Curtin Stadium\n \nGet ready for the ultimate sweaty, competitive, and super fun showdown of the semester! Whether you're flying solo or rolling in with a squad, join us for an arvo of badminton and volleyball 🏸🏐\n \n🚨 GAME DAY SETUP - WHAT TO EXPECT 🚨\n🏸 8 Badminton Courts\n🏐 1 Volleyball Court\n💥 Equipment provided – but feel free to bring your own!\n🕒 Fresh badminton shuttles every 30 mins\n🚱 No food/drinks provided – bring your own water bottle!\n \n💸💥 EVENT PRICING – LET’S GO! 💥💸\n🎟️ AMS Members – $11\n✨ Non-Members – $11 + $5 AMS Membership\n💡 Join once, save more at every AMS event!\n⚠️ Due to rising costs, we’ve done our best to keep this event affordable for everyone – thanks for understanding and supporting us!\n \n🎁🎉 LUCKY DRAW PRIZES! 🎉🎁\nWe’ll randomly pick 3 lucky winners at the end of the event! Each winner will score a Prize Bundle with:\n🥇 1st Place: $200 Nespresso Coffee Machine\n🥈 2nd Place: Wireless Earbuds + Box of Favourites Chocolates\n🥉 3rd Place: Gift Card\n \n🎟️🎮 HOW TO EARN TICKETS & WIN BIG! 🎯\n🏸 Badminton – 1 ticket per win (10-min games)\n🏐 Volleyball – 1 ticket per win (15-min games)\n💡 More wins = more chances to win a prize bundle!\n⚠️ LIMITED SPOTS ONLY – first come, first served!\n \n📲 Sign up here to lock in your spot!","Curtin Stadium 111, Kent St, Bentley WA 6102, Australia",09_May_2026,15:00,18:00,../../src/assets/eventImages/🏐🏸Sportsathon2026🏸🏐_09_May_2026.jpg,False,https://ams.cguild.club/public/schedule/events/84566-sportsathon-2026
00022,null,Sportsathon Pop-up,Excited for our SPORTSATHON?\nCome by our pop-up in front of TL Robertson Library to grab your tickets early! Each sign-up will immediately get you two entries into the winning raffle 🎟️\n \n📍 TL Robertson Library\n🗓️ 29th April\n⏰ 11AM - 1PM\n💰 Members: $11\n💰 Non-members: $16 (includes membership)\n \nDon’t be last minute lahh just get your tickets tomorrow before we sell out!,"TL Robertson Library Curtin University, 105, Kent St, Bentley WA 6102, Australia",29_Apr_2026,11:00,13:00,../../src/assets/eventImages/SportsathonPop-up_29_Apr_2026.jpg,False,https://ams.cguild.club/public/schedule/events/84516-sportsathon-pop-up
00023,null,Jom Main! AMS Games Night,"🎲 JOM MAIN 🎉\n \nEh don’t say we never jio 👀\nCome join AMS for a chill night of games, laughter, and good vibes only 😎\n\n🗓 Date: 24 April\n⏰ Time: 6:30 PM – 9:00 PM\n📍 Location: Building 418, Level 2\n\nWe got poker, mahjong, board games, card games — pro or noob also can, just come have fun lah 🤭\n\nAnd yes… FREE PIZZA 🍕 (legit free, don’t play play)\n\nBring your friends, bring your luck, or just come for makan and vibes 😌\nWin or lose also okay, as long as we have fun\n\n💸 AMS Members: $5\n💸 Non-Members: $10 (includes membership — worth it ok!)\n\nSlots limited ah, faster sign up here before regret later 👀","418 Level 2, Curtin University Kent St, Bentley WA 6102, Australia",24_Apr_2026,18:30,21:00,../../src/assets/eventImages/JomMain!AMSGamesNight_24_Apr_2026.jpg,False,https://ams.cguild.club/public/schedule/events/84203-jom-main-ams-games-night
00024,null,AMS x MCS Pasar Malam,"No cyclone can stop us - Pasar Malam is here!\nWe heard you were missing home, so we are bringing you your favourite Malaysian food, drinks, and activities!!\n \nDate and Location:\n📅 Friday, 17th April\n⏰ 5:00 - 9:00 PM\n📍 Oak Lawn, UWA Crawley\n \nWhat to Expect:\n🍴 Delicious food and drink that will remind you of home\n🌿 Arts and crafts stalls to fuel your creativity\n🥅 Fun games to compete for the chance to win one of our amazing prizes\n🎁 Many raffle prizes to win!\n \nFee Information:\n‼️ Entry is free but stalls will cost $2\n🫵 Or you can purchase a stamp card for $8 at registration to be used for all stalls!\n \nSend in your Expression of Interest here!","Oak Lawn Crawley WA 6009, Australia",17_Apr_2026,17:00,21:00,../../src/assets/eventImages/AMSxMCSPasarMalam_17_Apr_2026.jpg,False,https://ams.cguild.club/public/schedule/events/83855-ams-x-mcs-pasar-malam
00025,null,✨🏸 AMS Social Badminton 🏸✨,"EH MISS US OR NOT? SOCIAL BADDY IS BACK 😏🏸\nReady to smash, sweat, and show off your hidden talent ah? 😌\n \n‼️ Date and Location:\n📅 14 March (Saturday)\n⏰ 7:30PM – 10:00PM\n📍 Apex Badminton Centre\n \n💸 Entry Fee:\n\n👯‍♀️ Member: $12\n🙌 Non-member: $16 (includes AMS membership, good deal la)\n \n🔥 What to Expect:\n🏸 7 courts running all night\n👫 Doubles rotation style (everyone gets chance)\n🪶 NEW shuttlecock every 30 mins for each court (we don’t play stingy)\n🎒 BYO rackets & shuttles\n🏟 Limited racket & shuttle rental available at venue\n \n🚨🚨 READ THIS PROPERLY 🚨🚨 \n👟⚠️ NON-MARKING SHOES ONLY ⚠️👟 \n❌ NO NON-MARKING SHOES = NO ENTRY ❌\n \nSign up with the link below! \n🔗: https://forms.gle/h6Dwb8AP5JQRw8Y77","Apex Badminton Centre 17 Aldous Pl, Booragoon WA 6154, Australia",14_Mar_2026,19:30,22:00,../../src/assets/eventImages/✨🏸AMSSocialBadminton🏸✨_14_Mar_2026.jpg,False,https://ams.cguild.club/public/schedule/events/82464-ams-social-badminton
00026,null,CSA Study Session,"Ready to lock in for exams? Join us in room 434A of the TL Robertson Library any time between 8am and 10pm for our semesterly CSA Study Session!\nYou can expect free snacks while they last during the day, and free complementary pizza at the end of the night to celebrate a hard day's work of grinding out those last few assignments and lectures. Drop in any time, find a spot to sit down and get focused!\nWe'll also be providing a quiet room right next door in 434B from 1pm onwards in case you need silence to keep focused! And it's all totally free!","TL Robertson Library Curtin University, 105, Kent St, Bentley WA 6102, Australia",25_May_2026,8:00 AM,10:00 PM,../../src/assets/eventImages/CSAStudySession_25_May_2026.jpg,False,https://bsc.cguild.club/public/schedule/events/85011-csa-study-session
00027,null,CSA Quiz Night,"Brought to you by Curtin Physics Club, Curtin Chemistry Club and Curtin Biomedical Science Club, you can join us in the Tav for another fun-packed night with 7 rounds of science and general knowledge trivia (and maybe a bonus one!). It's sure to scratch that itch to prove to your friend group that you know your stuff! The event is open to everyone, so make sure to bring anyone you can to boost your chances of scoring some awesome prizes. There's even prizes for the losers 👀. And there's free snacks from the Tav? Sign me up.\n🗓️ Tuesday, 28th April\n⏰ Doors open 5:00pm for a 5:30pm start for a 7:30pm finish\n📍 Curtin Tav, Bentley Campus\nTickets are just $6 per person, or book a table of 6 for $30! Did we mention there's free snacks from the Tav?! Due to the venue, the event is 18+, so please bring valid ID as well!","Curtin Tav Building 106C, Curtin University, Bentley WA 6102, Australia",28_Apr_2026,5:00 PM,7:30 PM,../../src/assets/eventImages/CSAQuizNight_28_Apr_2026.jpg,False,https://bsc.cguild.club/public/schedule/events/82348-csa-quiz-night
00028,null,Finding the Facts - a BSC Quiz Night,"We're back at it again, now with even more weird, wacky and wonderful trivia for you! The Biomedical Science Club quiz night is back on the 12th of March, and we've cooked up yet another 100 questions  to rack your brain. Don't miss out! \n📍 Curtin Tav\n🗓️ 12th of March\n⏰ Doors open 5:30, and we'll start at 6:15!\n🎟️ Just $6 for members and $8 for non-members, or $36 for a table of 6!\nWe will accept cash and card on the night. Anyone who does not have a team can be placed in one. Check our Instagram for what you can expect (it might not be what you think!), and any updates. The event is 18+ as it will be taking place in the Tav, please bring valid ID on the night.","Curtin Tav Building 106C, Curtin University, Bentley WA 6102, Australia",12_Mar_2026,5:30 PM,9:30 PM,../../src/assets/eventImages/FindingtheFacts-aBSCQuizNight_12_Mar_2026.jpg,False,https://bsc.cguild.club/public/schedule/events/82349-finding-the-facts-a-bsc-quiz-night
00029,null,BSC Semester 1 Sundowner,"Ready for a night of board games, pizza, drinks and people? We sure are! And it's all free!\nJoin us in The Commons, 106A.101, a map can be found here. You're more than welcome to bring along your favourite games if you'd like, otherwise we'll have some for you as well. If you'd like to come please RSVP below so we know how many people to expect!\nDoors open at 5:30pm, pizzas will be available at 6:15pm. There will be halal, gluten free and vegetarian options available for those who need it. If you have any questions or concerns don't hesitate to contact us at @bsc_curtin on Instagram or biomed.curtin@gmail.com for emails.",Null,19_Feb_2026,5:30 PM,9:30 PM,../../src/assets/eventImages/BSCSemester1Sundowner_19_Feb_2026.jpg,False,https://bsc.cguild.club/public/schedule/events/81541-bsc-semester-1-sundowner
00030,null,Networking Night 2025,"Join us for our 2025 Careers and Networking Night! Your ticket includes dinner, non-alcoholic drinks, and a chance to dress up and talk to professionals in the industry achieving great things and changing the world. Learn about their stories, their passions, and their drive for making an impact. The event is in a cocktail dinner style (without the cocktails), so you're free to roam and have a chat with whomever you like, all night!\nA list of industry disciplines has been released - check our 2025 highlights on Insta (@bsc_curtin)! It includes people from many research, laboratory medicine and biotechnology disciplines, so you're sure to find something to pique your interest.\nWe'll see you on Thursday, 18th of September at 5:30, in the Lantern - Level 7 of the library. Tickets are just $15 for members, or $22.50 for non-members!","The Lantern, Level 7 Curtin University, 105, Kent St, Bentley WA 6102, Australia",18_Sep_2025,5:30 PM,9:30 PM,../../src/assets/eventImages/NetworkingNight2025_18_Sep_2025.jpg,False,https://bsc.cguild.club/public/schedule/events/76687-networking-night-2025
00031,null,BSC Quiz Night Semester 2,"Ready for round 2? The Biomedical Science Club quiz night is back on the 29th of August, and we've cooked up an even better set of questions to get those brains wrinkled and that itch for trivia scratched. Don't miss out! Tickets are only $6 for members, $8 for non-members, or you can book a table ticket for 6 people for $36! We will also accept cash and card on the night. Anyone who does not have a team can be placed in one on the night.\nThe quiz night happens on the 29th of August, doors open 5:30, quiz starts at 6:00. We'll see you there!","Curtin Tav Building 106C, Curtin University, Bentley WA 6102, Australia",29_Aug_2025,5:00 PM,9:00 PM,../../src/assets/eventImages/BSCQuizNightSemester2_29_Aug_2025.jpg,False,https://bsc.cguild.club/public/schedule/events/76165-bsc-quiz-night-semester-2
